{
	"info": {
		"_postman_id": "8fd0bb54-668c-4223-8b40-39956f9b8f35",
		"name": "Java_Company_job_review",
		"schema": "https://schema.getpostman.com/json/collection/v2.1.0/collection.json",
		"_exporter_id": "27345290"
	},
	"item": [
		{
			"name": "Jobs",
			"item": [
				{
					"name": "get_jobs",
					"request": {
						"method": "GET",
						"header": [],
						"url": {
							"raw": "http://{{host}}:{{port}}/jobs",
							"protocol": "http",
							"host": [
								"{{host}}"
							],
							"port": "{{port}}",
							"path": [
								"jobs"
							]
						}
					},
					"response": []
				},
				{
					"name": "delete_job",
					"request": {
						"method": "DELETE",
						"header": [],
						"url": {
							"raw": "http://{{host}}:{{port}}/jobs/6",
							"protocol": "http",
							"host": [
								"{{host}}"
							],
							"port": "{{port}}",
							"path": [
								"jobs",
								"6"
							]
						}
					},
					"response": []
				},
				{
					"name": "get_job_by_id",
					"request": {
						"method": "GET",
						"header": [],
						"url": {
							"raw": "http://{{host}}:{{port}}/jobs/12",
							"protocol": "http",
							"host": [
								"{{host}}"
							],
							"port": "{{port}}",
							"path": [
								"jobs",
								"12"
							]
						}
					},
					"response": []
				},
				{
					"name": "update_job",
					"request": {
						"method": "PUT",
						"header": [],
						"body": {
							"mode": "raw",
							"raw": "{\n    \"title\":\"Software Engineer updated\",\n    \"description\":\"Its for SE with updated\",\n    \"minSalary\":\"1000000\",\n    \"maxSalary\":\"2000000\",\n    \"location\":\"Chennai\"\n}",
							"options": {
								"raw": {
									"language": "json"
								}
							}
						},
						"url": {
							"raw": "http://{{host}}:{{port}}/jobs/1",
							"protocol": "http",
							"host": [
								"{{host}}"
							],
							"port": "{{port}}",
							"path": [
								"jobs",
								"1"
							]
						}
					},
					"response": []
				},
				{
					"name": "create_job",
					"request": {
						"method": "POST",
						"header": [],
						"body": {
							"mode": "raw",
							"raw": "{\n    \"title\":\"Software Engineer Python\",\n    \"description\":\"Its for SE with Python\",\n    \"minSalary\":\"1000000\",\n    \"maxSalary\":\"2000000\",\n    \"location\":\"madurai\",\n    \"company\":{\n        \"id\":1\n    }\n}",
							"options": {
								"raw": {
									"language": "json"
								}
							}
						},
						"url": {
							"raw": "http://{{host}}:{{port}}/jobs",
							"protocol": "http",
							"host": [
								"{{host}}"
							],
							"port": "{{port}}",
							"path": [
								"jobs"
							]
						}
					},
					"response": []
				}
			]
		},
		{
			"name": "Company",
			"item": [
				{
					"name": "get_companies",
					"request": {
						"method": "GET",
						"header": [],
						"url": {
							"raw": "http://{{host}}:{{port}}/company",
							"protocol": "http",
							"host": [
								"{{host}}"
							],
							"port": "{{port}}",
							"path": [
								"company"
							]
						}
					},
					"response": []
				},
				{
					"name": "delete_company",
					"request": {
						"method": "DELETE",
						"header": [],
						"url": {
							"raw": "http://{{host}}:{{port}}/company/2",
							"protocol": "http",
							"host": [
								"{{host}}"
							],
							"port": "{{port}}",
							"path": [
								"company",
								"2"
							]
						}
					},
					"response": []
				},
				{
					"name": "get_company_by_id",
					"request": {
						"method": "GET",
						"header": [],
						"url": {
							"raw": "http://{{host}}:{{port}}/company/2",
							"protocol": "http",
							"host": [
								"{{host}}"
							],
							"port": "{{port}}",
							"path": [
								"company",
								"2"
							]
						}
					},
					"response": []
				},
				{
					"name": "update_company",
					"request": {
						"method": "PUT",
						"header": [],
						"body": {
							"mode": "raw",
							"raw": "{\n    \"name\": \"SR enterprises\",\n    \"description\": \"updated company\"\n}",
							"options": {
								"raw": {
									"language": "json"
								}
							}
						},
						"url": {
							"raw": "http://{{host}}:{{port}}/company/1",
							"protocol": "http",
							"host": [
								"{{host}}"
							],
							"port": "{{port}}",
							"path": [
								"company",
								"1"
							]
						}
					},
					"response": []
				},
				{
					"name": "create_company",
					"request": {
						"method": "POST",
						"header": [],
						"body": {
							"mode": "raw",
							"raw": "{\n    \"name\":\"SR enterprises\",\n    \"description\":\"Its my own company\"\n}",
							"options": {
								"raw": {
									"language": "json"
								}
							}
						},
						"url": {
							"raw": "http://{{host}}:{{port}}/company",
							"protocol": "http",
							"host": [
								"{{host}}"
							],
							"port": "{{port}}",
							"path": [
								"company"
							]
						}
					},
					"response": []
				}
			]
		},
		{
			"name": "Review",
			"item": [
				{
					"name": "get_reviews",
					"request": {
						"method": "GET",
						"header": [],
						"url": {
							"raw": "http://{{host}}:{{port}}/companies/1/review",
							"protocol": "http",
							"host": [
								"{{host}}"
							],
							"port": "{{port}}",
							"path": [
								"companies",
								"1",
								"review"
							]
						}
					},
					"response": []
				},
				{
					"name": "delete_review",
					"request": {
						"method": "DELETE",
						"header": [],
						"url": {
							"raw": "http://{{host}}:{{port}}/companies/1/review/1",
							"protocol": "http",
							"host": [
								"{{host}}"
							],
							"port": "{{port}}",
							"path": [
								"companies",
								"1",
								"review",
								"1"
							]
						}
					},
					"response": []
				},
				{
					"name": "get_review_by_id",
					"request": {
						"method": "GET",
						"header": [],
						"url": {
							"raw": "http://{{host}}:{{port}}/companies/1/review/1",
							"protocol": "http",
							"host": [
								"{{host}}"
							],
							"port": "{{port}}",
							"path": [
								"companies",
								"1",
								"review",
								"1"
							]
						}
					},
					"response": []
				},
				{
					"name": "update_review",
					"request": {
						"method": "PUT",
						"header": [],
						"body": {
							"mode": "raw",
							"raw": "{   \n    \"title\" : \"updated first reviw\",\n    \"description\" : \"updated first review description\",\n    \"rating\":5.0\n}",
							"options": {
								"raw": {
									"language": "json"
								}
							}
						},
						"url": {
							"raw": "http://{{host}}:{{port}}/companies/1/review/1",
							"protocol": "http",
							"host": [
								"{{host}}"
							],
							"port": "{{port}}",
							"path": [
								"companies",
								"1",
								"review",
								"1"
							]
						}
					},
					"response": []
				},
				{
					"name": "create_review",
					"request": {
						"method": "POST",
						"header": [],
						"body": {
							"mode": "raw",
							"raw": "{   \n    \"title\" : \"first reviw\",\n    \"description\" : \"first review description\",\n    \"rating\":5.0\n}",
							"options": {
								"raw": {
									"language": "json"
								}
							}
						},
						"url": {
							"raw": "http://{{host}}:{{port}}/companies/1/review",
							"protocol": "http",
							"host": [
								"{{host}}"
							],
							"port": "{{port}}",
							"path": [
								"companies",
								"1",
								"review"
							]
						}
					},
					"response": []
				}
			]
		},
		{
			"name": "shutdown",
			"request": {
				"method": "POST",
				"header": [],
				"url": {
					"raw": "http://{{host}}:{{port}}/actuator/shutdown",
					"protocol": "http",
					"host": [
						"{{host}}"
					],
					"port": "{{port}}",
					"path": [
						"actuator",
						"shutdown"
					]
				}
			},
			"response": []
		}
	]
}